Year,Forecasted GDP Growth Rate (%)
2024,6.766024
2025,6.176534
2026,6.133392
2027,5.7536254
2028,5.5742087
