Model,Country,RMSE,MAE
ARIMA,India,4.689093890688643,2.788576297048936
Prophet,India,5.01517477687259,2.846825728071317
LSTM,India,4.5614931134517835,3.038787272023312
LSTM,India,4.56232812099243,3.03178467993652
